{"type":"header","name":"Header","sections":{"header_announcements_9jGBFp":{"type":"header-announcements","blocks":{"announcement_BxgCk9":{"type":"_announcement","settings":{"text":"Welcome to our store","link":"","font":"var(--font-subheading--family)","font_size":"0.75rem","weight":"","letter_spacing":"normal","case":"none"},"blocks":{}}},"block_order":["announcement_BxgCk9"],"name":"t:names.announcement_bar","settings":{"speed":5,"section_width":"page-width","color_scheme":"scheme-1","divider_width":1,"padding-block-start":15,"padding-block-end":15}},"header_section":{"type":"header","blocks":{"header-logo":{"type":"_header-logo","static":true,"settings":{"hide_logo_on_home_page":false,"padding-block-start":0,"padding-block-end":0,"padding-inline-start":0,"padding-inline-end":0},"blocks":{}},"header-menu":{"type":"_header-menu","static":true,"settings":{"menu":"main-menu","color_scheme":"","type_font_primary_size":"0.875rem","menu_font_style":"inverse","type_font_primary_link":"body","type_case_primary_link":"none","menu_style":"featured_products","featured_products_aspect_ratio":"4 \/ 5","featured_collections_aspect_ratio":"16 \/ 9","image_border_radius":0,"navigation_bar":false,"color_scheme_navigation_bar":"","drawer_accordion":false,"drawer_accordion_expand_first":false,"drawer_dividers":false},"blocks":{}}},"settings":{"logo_position":"left","menu_position":"left","menu_row":"top","customer_account_menu":"customer-account-main-menu","show_search":true,"search_position":"right","search_row":"top","show_country":true,"country_selector_style":false,"show_language":true,"localization_font":"heading","localization_font_size":"0.875rem","localization_position":"right","localization_row":"top","section_width":"page-width","section_height":"standard","enable_sticky_header":"always","divider_width":0,"divider_size":"page-width","border_width":0,"actions_display_style":"icon","actions_font_size":"0.875rem","actions_font":"body","actions_text_case":"none","color_scheme_top":"scheme-1","color_scheme_bottom":"","color_scheme_transparent":"scheme-6","enable_transparent_header_home":false,"home_color_scheme":"inverse","enable_transparent_header_product":false,"product_color_scheme":"default","enable_transparent_header_collection":false,"collection_color_scheme":"default"}}},"order":["header_announcements_9jGBFp","header_section"]}