{"sections":{"hero_igYeYC":{"type":"hero","blocks":{"text_kk3ypa":{"type":"text","settings":{"text":"<h1>New arrivals<\/h1>","width":"fit-content","max_width":"narrow","alignment":"left","type_preset":"h1","font":"var(--font-body--family)","font_size":"1rem","line_height":"normal","letter_spacing":"normal","case":"none","wrap":"pretty","color":"var(--color-foreground)","background":false,"background_color":"#00000026","corner_radius":0,"padding-block-start":0,"padding-block-end":0,"padding-inline-start":0,"padding-inline-end":0},"blocks":{}},"text_AyyR9R":{"type":"text","settings":{"text":"<p>Made with care and unconditionally loved by our customers.<\/p>","width":"fit-content","max_width":"narrow","alignment":"left","type_preset":"rte","font":"var(--font-body--family)","font_size":"1rem","line_height":"normal","letter_spacing":"normal","case":"none","wrap":"pretty","color":"var(--color-foreground)","background":false,"background_color":"#00000026","corner_radius":0,"padding-block-start":0,"padding-block-end":32,"padding-inline-start":0,"padding-inline-end":0},"blocks":{}},"button_haHUJM":{"type":"button","name":"t:names.button","settings":{"label":"Shop now","link":"shopify:\/\/collections\/all","open_in_new_tab":false,"style_class":"button","width":"fit-content","custom_width":100,"width_mobile":"fit-content","custom_width_mobile":100},"blocks":{}}},"block_order":["text_kk3ypa","text_AyyR9R","button_haHUJM"],"name":"t:names.hero","settings":{"media_type_1":"image","media_type_2":"image","stack_media_on_mobile":false,"custom_mobile_media":false,"media_type_1_mobile":"image","media_type_2_mobile":"image","link":"shopify:\/\/products\/bundle-product-copia","open_in_new_tab":false,"content_direction":"column","vertical_on_mobile":true,"horizontal_alignment":"flex-start","vertical_alignment":"center","align_baseline":false,"horizontal_alignment_flex_direction_column":"center","vertical_alignment_flex_direction_column":"center","gap":16,"section_width":"page-width","section_height":"large","section_height_custom":50,"color_scheme":"scheme-5","toggle_overlay":true,"overlay_color":"#00000026","overlay_style":"gradient","gradient_direction":"to top","blurred_reflection":false,"reflection_opacity":75,"padding-block-start":40,"padding-block-end":40}},"bundle_banner_8hJzXg":{"type":"bundle-banner","name":"Bundle Banner","settings":{"heading_text":"Smart stack, smarter price - shop curated bundles and","heading_accent_text":"save 30%.","subheading_text":"Clinically informed formulas that support energy, balance, and everyday wellness.","heading_text_color":"#ffffff","heading_accent_color":"#33bcdd","heading_font_weight":"700","heading_font_size_mobile":28,"heading_font_size_desktop":42,"heading_line_height_mobile":1.2,"heading_line_height_desktop":1.2,"subheading_font_weight":"400","subheading_font_size_mobile":16,"subheading_font_size_desktop":18,"subheading_line_height_mobile":1.5,"subheading_line_height_desktop":1.5,"banner_link_collection":"","banner_link_product":"bundle-product","banner_link_aria_label":"View promotion","cta_label":"Shop bundles","cta_collection":"","cta_product":"bundle-product","button_background_color":"#7ae8ff","button_text_color":"#082d35","background_image_desktop":"shopify:\/\/shop_images\/banner_01.png","background_image_alt":"","background_image_mobile":"shopify:\/\/shop_images\/correct_image.jpg","product_image_alt":""}}},"order":["hero_igYeYC","bundle_banner_8hJzXg"]}