{"sections":{"bundle_banner_R3Nc4F":{"type":"bundle-banner","name":"Bundle Banner","settings":{"heading_text":"Smart stack, smarter price - shop curated bundles and","heading_accent_text":"save 30%.","subheading_text":"Clinically informed formulas that support energy, balance, and everyday wellness.","heading_text_color":"#ffffff","heading_accent_color":"#7AE8FF","heading_font_weight":"700","heading_font_size_mobile":28,"heading_font_size_desktop":42,"heading_line_height_mobile":1.2,"heading_line_height_desktop":1.2,"subheading_font_weight":"400","subheading_font_size_mobile":16,"subheading_font_size_desktop":18,"subheading_line_height_mobile":1.5,"subheading_line_height_desktop":1.5,"banner_link_collection":"","banner_link_product":"","banner_link_aria_label":"View promotion","cta_label":"Shop bundles","cta_collection":"","cta_product":"bundle-product","button_background_color":"#7AE8FF","button_text_color":"#082d35","background_image_desktop":"shopify:\/\/shop_images\/banner_01.png","background_image_alt":"","background_image_mobile":"shopify:\/\/shop_images\/correct_image.jpg","product_image_alt":""}},"main":{"type":"product-information","blocks":{"media-gallery":{"type":"_product-media-gallery","static":true,"settings":{"media_presentation":"grid","media_columns":"two","image_gap":4,"large_first_image":false,"icons_style":"none","slideshow_controls_style":"counter","slideshow_mobile_controls_style":"dots","thumbnail_position":"right","thumbnail_width":44,"thumbnail_radius":0,"aspect_ratio":"adapt","constrain_to_viewport":true,"media_fit":"contain","media_radius":0,"extend_media":false,"zoom":true,"video_loop":false,"hide_variants":true,"padding-block-start":0,"padding-block-end":0,"padding-inline-start":0,"padding-inline-end":0},"blocks":{}},"product-details":{"type":"_product-details","static":true,"settings":{"width":"fill","custom_width":100,"width_mobile":"fill","custom_width_mobile":100,"height":"fit","details_position":"flex-start","gap":28,"sticky_details_desktop":true,"inherit_color_scheme":true,"color_scheme":"scheme-1","background_media":"none","video_position":"cover","background_image_position":"cover","border":"none","border_width":1,"border_opacity":100,"border_radius":0,"padding-block-start":24,"padding-block-end":24,"padding-inline-start":0,"padding-inline-end":0},"blocks":{"group_icgrde":{"type":"group","name":"Header","settings":{"content_direction":"column","vertical_on_mobile":true,"horizontal_alignment":"flex-start","vertical_alignment":"center","align_baseline":false,"horizontal_alignment_flex_direction_column":"flex-start","vertical_alignment_flex_direction_column":"center","gap":12,"width":"fill","custom_width":100,"width_mobile":"fill","custom_width_mobile":100,"height":"fit","custom_height":100,"inherit_color_scheme":true,"color_scheme":"","background_media":"none","video_position":"cover","background_image_position":"cover","border":"none","border_width":1,"border_opacity":100,"border_radius":0,"toggle_overlay":false,"overlay_color":"#00000026","overlay_style":"solid","gradient_direction":"to top","link":"","open_in_new_tab":false,"placeholder":"","padding-block-start":0,"padding-block-end":0,"padding-inline-start":0,"padding-inline-end":0},"blocks":{"text_xrnftG":{"type":"text","name":"Product title","settings":{"text":"<h1>{{ closest.product.title }}<\/h1>","width":"100%","max_width":"normal","alignment":"left","type_preset":"h3","font":"var(--font-primary--family)","font_size":"","line_height":"normal","letter_spacing":"normal","case":"none","wrap":"pretty","color":"","background":false,"background_color":"#00000026","corner_radius":0,"padding-block-start":0,"padding-block-end":0,"padding-inline-start":0,"padding-inline-end":0},"blocks":{}},"price_tVjtKg":{"type":"price","settings":{"show_sale_price_first":true,"show_installments":false,"show_tax_info":false,"type_preset":"paragraph","width":"100%","alignment":"left","font":"var(--font-body--family)","font_size":"1rem","line_height":"normal","letter_spacing":"normal","case":"none","color":"var(--color-foreground)","padding-block-start":4,"padding-block-end":0,"padding-inline-start":0,"padding-inline-end":0},"blocks":{}}},"block_order":["text_xrnftG","price_tVjtKg"]},"divider_VJhene":{"type":"_divider","name":"t:names.divider","settings":{"thickness":1,"corner_radius":"square","width_percent":100,"padding-block-start":0,"padding-block-end":0},"blocks":{}},"variant_picker_R3rGDr":{"type":"variant-picker","settings":{"variant_style":"buttons","show_swatches":false,"alignment":"left","padding-block-start":0,"padding-block-end":0,"padding-inline-start":0,"padding-inline-end":0},"blocks":{}},"buy_buttons_eYQEYi":{"type":"buy-buttons","settings":{"stacking":true,"show_pickup_availability":false,"gift_card_form":true,"padding-block-start":0,"padding-block-end":0,"padding-inline-start":0,"padding-inline-end":0},"blocks":{"quantity":{"type":"quantity","static":true,"settings":{},"blocks":{}},"add-to-cart":{"type":"add-to-cart","static":true,"settings":{"style_class":"button"},"blocks":{}},"accelerated-checkout":{"type":"accelerated-checkout","static":true,"settings":{},"blocks":{}}},"block_order":[]},"text_aEtTtq":{"type":"text","name":"Product description","settings":{"text":"{{ closest.product.description }}","width":"100%","max_width":"normal","alignment":"left","type_preset":"rte","font":"var(--font-primary--family)","font_size":"","line_height":"normal","letter_spacing":"normal","case":"none","wrap":"pretty","color":"","background":false,"background_color":"#00000026","corner_radius":0,"padding-block-start":0,"padding-block-end":0,"padding-inline-start":0,"padding-inline-end":0},"blocks":{}}},"block_order":["group_icgrde","divider_VJhene","variant_picker_R3rGDr","buy_buttons_eYQEYi","text_aEtTtq"]}},"settings":{"content_width":"content-center-aligned","desktop_media_position":"left","equal_columns":false,"limit_details_width":false,"gap":48,"enable_sticky_add_to_cart":true,"color_scheme":"","padding-block-start":100,"padding-block-end":0}}},"order":["bundle_banner_R3Nc4F","main"]}